Id,Title,FirstName,LastName,Address,City,State,Country,Postcode,Email
461d53b4,Mr,Benjamin,Rodriquez,5470 Depaul Dr,Irvine,Florida,United States,54371,benjamin.rodriquez@example.com
c11f33e5,Mrs,Diana,Hopkins,1922 Victoria Street,Stevenage,County Fermanagh,United Kingdom,H1 5AH,diana.hopkins@example.com
8ca517d9,Miss,Dana,May,4344 Washington Ave,Warrnambool,Western Australia,Australia,2072,dana.may@example.com
1bbf080d,Mr,Byron,Macrae,5577 Park Avenue,Dundee,Bedfordshire,United Kingdom,UB9 5YA,byron.macrae@example.com
84bc32f7,Mr,Warren,Willis,2956 W Pecan St,Traralgon,Queensland,Australia,3474,warren.willis@example.com
0d2f5ff9,Mrs,Elsie,Rogers,8964 Wheeler Ridge Dr,Traralgon,Victoria,Australia,7584,elsie.rogers@example.com
d84b9e81,Mrs,Judith,Duncan,4604 Prospect Rd,Nowra,Tasmania,Australia,7639,judith.duncan@example.com
2411338b,Mrs,Hannah,Hunter,3686 Fairview St,Roseburg,Montana,United States,90447,hannah.hunter@example.com
8dc12703,Mrs,Marie,Scott,3228 Rectory Lane,Salisbury,County Londonderry,United Kingdom,U7V 9WR,marie.scott@example.com
